AF0U,AF,200,AF0U,25 AF,57
AF17,AF,300,AF17,AF INSTALLATION AND MISSION SUPPORT,57
AF38,AF,400,AF38,AFELM JCS,57
AF1C,AF,500,AF1C,AIR COMBAT COMMAND,57
AF0J,AF,600,AF0J,AIR EDUCATION AND TRAINING COMMAND,57
AF20,AF,700,AF20,AIR FORCE AGENCY FOR MODELING/SIMULATION,57
AF06,AF,800,AF06,AIR FORCE AUDIT AGENCY,57
AF1Y,AF,900,AF1Y,AIR FORCE CIVILIAN CAREER TRAINING,57
AF2A,AF,1000,AF2A,AIR FORCE COST ANALYSIS AGENCY,57
AF4W,AF,1100,AF4W,AIR FORCE DISTRICT OF WASHINGTON,57
AF3V,AF,1200,AF3V,AIR FORCE ELEMENTS,57
AF2S,AF,1300,AF2S,AIR FORCE ELEMENTS NORAD,57
AF3C,AF,1400,AF3C,"AIR FORCE ELEMENTS, U.S. CENTRAL COMMAND",57
AF3D,AF,1500,AF3D,"AIR FORCE ELEMENTS, U.S. SPECIAL OPERATIONS COMMAND",57
AF3Q,AF,1600,AF3Q,"AIR FORCE ELEMENTS, U.S. STRATEGIC COMMAND",57
AF3T,AF,1700,AF3T,"AIR FORCE ELEMENTS, U.S. TRANSPORTATION COMMAND",57
AFGS,AF,1800,AFGS,AIR FORCE GLOBAL STRIKE COMMAND,57
AF2K,AF,1900,AF2K,AIR FORCE HISTORICAL RESEARCH AGENCY,57
AF02,AF,2000,AF02,AIR FORCE INSPECTION AGENCY (FO),57
AF2E,AF,2100,AF2E,AIR FORCE LEGAL OPERATIONS AGENCY,57
AF1B,AF,2200,AF1B,AIR FORCE MANPOWER ANALYSIS AGENCY,57
AF1M,AF,2300,AF1M,AIR FORCE MATERIEL COMMAND,57
AF2Z,AF,2400,AF2Z,AIR FORCE MEDICAL OPERATIONS AGENCY,57
AF2F,AF,2500,AF2F,AIR FORCE MEDICAL SUPPORT AGENCY,57
AF16,AF,2600,AF16,AIR FORCE MORTUARY AFFAIRS OPERATIONS,57
AF07,AF,2700,AF07,AIR FORCE OFFICE OF SPECIAL INVESTIGATIONS,57
AF03,AF,2800,AF03,AIR FORCE OPERATIONAL TEST AND EVALUATION CENTER,57
AF2H,AF,2900,AF2H,AIR FORCE OPERATIONS GROUP,57
AF09,AF,3000,AF09,AIR FORCE PERSONNEL CENTER,57
AF2R,AF,3100,AF2R,AIR FORCE PROGRAM EXECUTIVE OFFICE,57
AF12,AF,3200,AF12,AIR FORCE PUBLIC AFFAIRS AGENCY,57
AF2M,AF,3300,AF2M,AIR FORCE REVIEW BOARDS AGENCY,57
AF2T,AF,3400,AF2T,AIR FORCE SAFETY CENTER,57
AF0V,AF,3500,AF0V,AIR FORCE SPECIAL OPERATIONS COMMAND,57
AF2L,AF,3600,AF2L,AIR FORCE TECHNICAL APPLICATIONS CENTER,57
AF1L,AF,3700,AF1L,AIR MOBILITY COMMAND,57
AF34,AF,3800,AF34,AIR NATIONAL GUARD,57
AF2I,AF,3900,AF2I,AIR NATIONAL GUARD SUPPORT CENTER,57
AFNG,AF,4000,AFNG,AIR NATIONAL GUARD UNITS (TITLE 32/TITLE 5),57
AF0M,AF,4100,AF0M,"HEADQUARTERS, AIR FORCE RESERVE COMMAND",57
AF1S,AF,4200,AF1S,"HEADQUARTERS, AIR FORCE SPACE COMMAND",57
AF1Q,AF,4300,AF1Q,HQ AF FLIGHT STANDARDS AGENCY,57
AF13,AF,4400,AF13,HQ USAF AND SUPPORT ELEMENTS,57
AF40,AF,4500,AF40,NATIONAL AIR AND SPACE INTELLIGENCE CENTER,57
AF4V,AF,4600,AF4V,NON-DOD AND OTHER SUPPORT,57
AF0R,AF,4700,AF0R,PACIFIC AIR FORCES,57
AF0B,AF,4800,AF0B,U.S. AIR FORCE ACADEMY,57
AF0D,AF,4900,AF0D,"U.S. AIR FORCES, EUROPE",57
AF4D,AF,5000,AF4D,U.S. NORTHERN COMMAND,57
AFZG,AF,5100,AFZG,"U.S. SPECIAL OPERATIONS COMMAND (ANG, TITLE 32/TITLE 5)",57
AG02,AG,5200,AG02,AGRICULTURAL MARKETING SERVICE,12
AG03,AG,5300,AG03,AGRICULTURAL RESEARCH SERVICE,12
AG34,AG,5400,AG34,ANIMAL AND PLANT HEALTH INSPECTION SERVICE,12
AGCR,AG,5500,AGCR,CIVIL RIGHTS,12
AGDA,AG,5600,AGDA,DEPARTMENTAL ADMINISTRATION,12
AG18,AG,5700,AG18,ECONOMIC RESEARCH SERVICE,12
AGFA,AG,5800,AGFA,FARM SERVICE AGENCY,12
AG30,AG,5900,AG30,FOOD AND NUTRITION SERVICE,12
AG37,AG,6000,AG37,FOOD SAFETY AND INSPECTION SERVICE,12
AG10,AG,6100,AG10,FOREIGN AGRICULTURAL SERVICE,12
AG11,AG,6200,AG11,FOREST SERVICE,12
AG36,AG,6300,AG36,"GRAIN INSPECTION, PACKERS AND STOCKYARDS ADMINISTRATION",12
AGHL,AG,6400,AGHL,HOMELAND SECURITY STAFF,12
AG20,AG,6500,AG20,NATIONAL AGRICULTURAL STATISTICS SERVICE,12
AGNA,AG,6600,AGNA,NATIONAL APPEALS DIVISION,12
AG22,AG,6700,AG22,NATIONAL INSTITUTE OF FOOD AND AGRICULTURE,12
AG16,AG,6800,AG16,NATURAL RESOURCES CONSERVATION SERVICE,12
AGAO,AG,6900,AGAO,OFFICE OF ADVOCACY AND OUTREACH,12
AG42,AG,7000,AG42,OFFICE OF BUDGET AND PROGRAM ANALYSIS,12
AG13,AG,7100,AG13,OFFICE OF COMMUNICATIONS,12
AG38,AG,7200,AG38,OFFICE OF THE CHIEF ECONOMIST,12
AG90,AG,7300,AG90,OFFICE OF THE CHIEF FINANCIAL OFFICER,12
AGIT,AG,7400,AGIT,OFFICE OF THE CHIEF INFORMATION OFFICER,12
AGES,AG,7500,AGES,OFFICE OF THE EXECUTIVE SECRETARIAT,12
AG14,AG,7600,AG14,OFFICE OF THE GENERAL COUNSEL,12
AG23,AG,7700,AG23,OFFICE OF THE INSPECTOR GENERAL,12
AG01,AG,7800,AG01,OFFICE OF THE SECRETARY OF AGRICULTURE,12
AG08,AG,7900,AG08,RISK MANAGEMENT AGENCY,12
AG32,AG,8000,AG32,RURAL BUSINESS,12
AG07,AG,8100,AG07,RURAL HOUSING SERVICE,12
AG15,AG,8200,AG15,RURAL UTILITIES SERVICE,12
AM00,AM,8300,AM00,U.S. AGENCY FOR INTERNATIONAL DEVELOPMENT,72
ARE2,AR,8400,ARE2,21ST THEATER SUSTAINMENT COMMAND (TSC),21
ARNG,AR,8500,ARNG,ARMY NATIONAL GUARD UNITS (TITLE 32/TITLE 5),21
ARSB,AR,8600,ARSB,FIELD OPERATING OFFICES OF THE OFFICE OF THE SECRETARY OF THE ARMY,21
ARX2,AR,8700,ARX2,"HEADQUARTERS, AMC",21
ARSE,AR,8800,ARSE,HQDA FIELD OPERATING AGENCIES AND STAFF SUPPORT AGENCIES AND STAFF SUPPORT AGENCIES,21
ARCS,AR,8900,ARCS,IMMEDIATE OFFICE OF THE CHIEF OF STAFF OF THE ARMY,21
ARE1,AR,9000,ARE1,IMMEDIATE OFFICE OF THE COMMANDER-IN-CHIEF OF THE U.S. ARMY EUROPE AND SEVENTH ARMY,21
ARJA,AR,9100,ARJA,JOINT ACTIVITIES,21
ARSJ,AR,9200,ARSJ,"JOINT SERVICES AND ACTIVITIES SUPPORTED BY THE OFFICE, SECRETARY OF THE ARMY",21
ARXK,AR,9300,ARXK,MATERIEL ACQUISITION ACTIVITIES,21
ARXX,AR,9400,ARXX,MATERIEL READINESS ACTIVITIES,21
ARGB,AR,9500,ARGB,OFFICE OF THE CHIEF OF THE NATIONAL GUARD BUREAU,21
ARSA,AR,9600,ARSA,OFFICE OF THE SECRETARY OF THE ARMY,21
AREN,AR,9700,AREN,SEVENTH ARMY TRAINING COMMAND,21
ARXD,AR,9800,ARXD,U. S. ARMY CONTRACTING COMMAND,21
ARSC,AR,9900,ARSC,U. S. ARMY SPACE AND MISSILE DEFENSE COMMAND/U. S. ARMY FORCES STRATEGIC COMMAND,21
ARAP,AR,10000,ARAP,U. S. MILITARY ENTRANCE PROCESSING COMMAND,21
ARAE,AR,10100,ARAE,U.S. ARMY ACQUISITION SUPPORT CENTER,21
ARX6,AR,10200,ARX6,U.S. ARMY AVIATION AND MISSILE COMMAND,21
AR3A,AR,10300,AR3A,U.S. ARMY CENTRAL,21
ARXB,AR,10400,ARXB,U.S. ARMY CHEMICAL MATERIALS ACTIVITY,21
ARX8,AR,10500,ARX8,U.S. ARMY COMMUNICATIONS ELECTRONICS COMMAND,21
ARCE,AR,10600,ARCE,U.S. ARMY CORPS OF ENGINEERS,21
ARCB,AR,10700,ARCB,U.S. ARMY CRIMINAL INVESTIGATION COMMAND,21
ARJ1,AR,10800,ARJ1,U.S. ARMY ELEMENT SHAPE,21
ARFC,AR,10900,ARFC,U.S. ARMY FORCES COMMAND,21
ARBA,AR,11000,ARBA,U.S. ARMY INSTALLATION MANAGEMENT COMMAND,21
ARAS,AR,11100,ARAS,U.S. ARMY INTELLIGENCE AND SECURITY COMMAND,21
ARXQ,AR,11200,ARXQ,U.S. ARMY JOINT MUNITIONS COMMAND,21
ARX1,AR,11300,ARX1,U.S. ARMY MATERIAL COMMAND,21
ARMC,AR,11400,ARMC,U.S. ARMY MEDICAL COMMAND,21
ARMW,AR,11500,ARMW,U.S. ARMY MILITARY DISTRICT OF WASHINGTON,21
ARXT,AR,11600,ARXT,U.S. ARMY MILITARY SURFACE DEPLOYMENT AND DISTRIBUTION COMMAND,21
ARAN,AR,11700,ARAN,U.S. ARMY NATIONAL MILITARY CEMETERIES,21
ARG6,AR,11800,ARG6,U.S. ARMY NETWORK ENTERPRISE TECHNOLOGY COMMAND/9TH ARMY SIGNAL COMMAND,21
AR5A,AR,11900,AR5A,U.S. ARMY NORTH,21
ARTA,AR,12000,ARTA,U.S. ARMY RECRUITING COMMAND AND U.S. ARMY CADET COMMAND,21
ARXR,AR,12100,ARXR,"U.S. ARMY RESEARCH, DEVELOPMENT AND ENGINEERING COMMAND",21
ARHR,AR,12200,ARHR,U.S. ARMY RESERVE COMMAND,21
ARXP,AR,12300,ARXP,U.S. ARMY SECURITY ASSISTANCE COMMAND,21
ARSO,AR,12400,ARSO,U.S. ARMY SOUTH,21
ARXC,AR,12500,ARXC,U.S. ARMY SUSTAINMENT COMMAND,21
ARX7,AR,12600,ARX7,U.S. ARMY TANK-AUTOMOTIVE AND ARMAMENT COMMAND (TACOM),21
ARAT,AR,12700,ARAT,U.S. ARMY TEST AND EVALUATION COMMAND,21
ARTC,AR,12800,ARTC,U.S. ARMY TRAINING AND DOCTRINE COMMAND,21
ARTW,AR,12900,ARTW,U.S. ARMY WAR COLLEGE,21
ARP1,AR,13000,ARP1,"U.S. ARMY, PACIFIC",21
ARMA,AR,13100,ARMA,U.S. MILITARY ACADEMY,21
ARSP,AR,13200,ARSP,U.S. SPECIAL OPERATIONS COMMAND (ARMY),21
AR2A,AR,13300,AR2A,UNITED STATES ARMY CYBER COMMAND,21
AR**,AR,13400,AR**,UNSPECIFIED,21
ARA1,AR,13500,ARA1,US ARMY AFRICA/SOUTHERN EUROPEAN TASK FORCE (USAFRAF/SETAF),21
ARCH,AR,13600,ARCH,US ARMY CIVILIAN HUMAN RESOURCES AGENCY,21
ARFB,AR,13700,ARFB,US ARMY FINANCIAL MANAGEMENT COMMAND,21
ARHC,AR,13800,ARHC,US ARMY HUMAN RESOURCES COMMAND (DRU),21
CM53,CM,13900,CM53,BUREAU OF ECONOMIC ANALYSIS,13
CM67,CM,14000,CM67,BUREAU OF INDUSTRY AND SECURITY,13
CM52,CM,14100,CM52,ECONOMIC DEVELOPMENT ADMINISTRATION,13
CM65,CM,14200,CM65,ECONOMICS AND STATISTICS ADMINISTRATION,13
CM55,CM,14300,CM55,INTERNATIONAL TRADE ADMINISTRATION,13
CM59,CM,14400,CM59,MINORITY BUSINESS DEVELOPMENT AGENCY,13
CM57,CM,14500,CM57,NATIONAL INSTITUTE OF STANDARDS AND TECHNOLOGY,13
CM54,CM,14600,CM54,NATIONAL OCEANIC AND ATMOSPHERIC ADMINISTRATION,13
CM62,CM,14700,CM62,NATIONAL TECHNICAL INFORMATION SERVICE,13
CM61,CM,14800,CM61,NATIONAL TELECOMMUNICATIONS AND INFORMATION ADMINISTRATION,13
CM64,CM,14900,CM64,OFFICE OF THE INSPECTOR GENERAL,13
CM51,CM,15000,CM51,OFFICE OF THE SECRETARY,13
CM56,CM,15100,CM56,PATENT AND TRADEMARK OFFICE,13
CM63,CM,15200,CM63,U.S. CENSUS BUREAU,13
CU00,CU,15300,CU00,NATIONAL CREDIT UNION ADMINISTRATION,25
DD81,DD,15400,DD81,DEFENSE ACQUISITION UNIVERSITY,97
DD13,DD,15500,DD13,DEFENSE ADVANCED RESEARCH PROJECTS AGENCY,97
DD34,DD,15600,DD34,DEFENSE COMMISSARY AGENCY,97
DD10,DD,15700,DD10,DEFENSE CONTRACT AUDIT AGENCY,97
DD63,DD,15800,DD63,DEFENSE CONTRACT MANAGEMENT AGENCY,97
DD35,DD,15900,DD35,DEFENSE FINANCE AND ACCOUNTING SERVICE,97
DD60,DD,16000,DD60,DEFENSE HEALTH AGENCY,97
DD48,DD,16100,DD48,DEFENSE HUMAN RESOURCES ACTIVITY,97
DD04,DD,16200,DD04,DEFENSE INFORMATION SYSTEMS AGENCY,97
DD25,DD,16300,DD25,DEFENSE LEGAL SERVICES AGENCY,97
DD07,DD,16400,DD07,DEFENSE LOGISTICS AGENCY,97
DD80,DD,16500,DD80,DEFENSE MEDIA ACTIVITY,97
DD71,DD,16600,DD71,DEFENSE MICROELECTRONICS ACTIVITY,97
DD53,DD,16700,DD53,DEFENSE POW/MIA ACCOUNTING AGENCY,97
DD06,DD,16800,DD06,DEFENSE SECURITY COOPERATION AGENCY,97
DD12,DD,16900,DD12,DEFENSE SECURITY SERVICE,97
DD74,DD,17000,DD74,DEFENSE TECHNICAL INFORMATION CENTER,97
DD29,DD,17100,DD29,DEFENSE TECHNOLOGY SECURITY ADMINISTRATION,97
DD61,DD,17200,DD61,DEFENSE THREAT REDUCTION AGENCY,97
DD16,DD,17300,DD16,DEPARTMENT OF DEFENSE EDUCATION ACTIVITY,97
DD68,DD,17400,DD68,DEPARTMENT OF DEFENSE TEST RESOURCE MANAGEMENT CENTER,97
DD27,DD,17500,DD27,MISSILE DEFENSE AGENCY,97
DD69,DD,17600,DD69,NATIONAL DEFENSE UNIVERSITY,97
DD82,DD,17700,DD82,NATIONAL RECONNAISSANCE OFFICE,97
DD23,DD,17800,DD23,OFFICE OF ECONOMIC ADJUSTMENT,97
DD26,DD,17900,DD26,OFFICE OF THE INSPECTOR GENERAL,97
DD01,DD,18000,DD01,OFFICE OF THE SECRETARY OF DEFENSE,97
DD02,DD,18100,DD02,ORGANIZATION OF THE JOINT CHIEFS OF STAFF,97
DD65,DD,18200,DD65,PENTAGON FORCE PROTECTION AGENCY,97
DD08,DD,18300,DD08,U.S. COURT OF APPEALS FOR THE ARMED FORCES,97
DD15,DD,18400,DD15,UNIFORMED SERVICES UNIVERSITY OF THE HEALTH SCIENCES,97
DD21,DD,18500,DD21,WASHINGTON HEADQUARTERS SERVICES,97
DJ15,DJ,18600,DJ15,"BUREAU OF ALCOHOL, TOBACCO, FIREARMS, AND EXPLOSIVES",15
DJ03,DJ,18700,DJ03,BUREAU OF PRISONS/FEDERAL PRISON SYSTEM,15
DJ14,DJ,18800,DJ14,COMMUNITY RELATIONS SERVICE,15
DJ06,DJ,18900,DJ06,DRUG ENFORCEMENT ADMINISTRATION,15
DJ12,DJ,19000,DJ12,EXECUTIVE OFFICE FOR IMMIGRATION REVIEW,15
DJ09,DJ,19100,DJ09,EXECUTIVE OFFICE FOR U.S. ATTORNEYS AND THE OFFICES OF THE U.S. ATTORNEYS,15
DJ02,DJ,19200,DJ02,FEDERAL BUREAU OF INVESTIGATION,15
DJ07,DJ,19300,DJ07,OFFICE OF JUSTICE PROGRAMS,15
DJ10,DJ,19400,DJ10,OFFICE OF THE INSPECTOR GENERAL,15
DJ01,DJ,19500,DJ01,"OFFICES, BOARDS AND DIVISIONS",15
DJ08,DJ,19600,DJ08,U.S. MARSHALS SERVICE,15
DJ11,DJ,19700,DJ11,U.S. TRUSTEE PROGRAM,15
DLBL,DL,19800,DLBL,BUREAU OF INTERNATIONAL LABOR AFFAIRS,16
DLLS,DL,19900,DLLS,BUREAU OF LABOR STATISTICS,16
DLPW,DL,20000,DLPW,EMPLOYEE BENEFITS SECURITY ADMINISTRATION,16
DLET,DL,20100,DLET,EMPLOYMENT AND TRAINING ADMINISTRATION,16
DLMS,DL,20200,DLMS,MINE SAFETY AND HEALTH ADMINISTRATION,16
DLSH,DL,20300,DLSH,OCCUPATIONAL SAFETY AND HEALTH ADMINISTRATION,16
DLCA,DL,20400,DLCA,OFFICE OF CONGRESSIONAL AND INTERGOVERNMENTAL AFFAIRS,16
DLEH,DL,20500,DLEH,OFFICE OF DISABILITY EMPLOYMENT POLICY,16
DLOF,DL,20600,DLOF,OFFICE OF FEDERAL CONTRACT COMPLIANCE PROGRAMS,16
DLOL,DL,20700,DLOL,OFFICE OF LABOR-MANAGEMENT STANDARDS,16
DLPA,DL,20800,DLPA,OFFICE OF PUBLIC AFFAIRS,16
DLAM,DL,20900,DLAM,OFFICE OF THE ASSISTANT SECRETARY FOR ADMINISTRATION AND MANAGEMENT,16
DLPE,DL,21000,DLPE,OFFICE OF THE ASSISTANT SECRETARY FOR POLICY,16
DLCF,DL,21100,DLCF,OFFICE OF THE CHIEF FINANCIAL OFFICER,16
DLIG,DL,21200,DLIG,OFFICE OF THE INSPECTOR GENERAL,16
DLAA,DL,21300,DLAA,OFFICE OF THE SECRETARY OF LABOR,16
DLSL,DL,21400,DLSL,OFFICE OF THE SOLICITOR,16
DLOW,DL,21500,DLOW,OFFICE OF WORKERS' COMPENSATION PROGRAMS,16
DLVE,DL,21600,DLVE,VETERANS EMPLOYMENT AND TRAINING SERVICES,16
DLWH,DL,21700,DLWH,WAGE AND HOUR DIVISION,16
DLWB,DL,21800,DLWB,WOMEN'S BUREAU,16
DN00,DN,21900,DN00,DEPARTMENT OF ENERGY,89
DNFE,DN,22000,DNFE,FEDERAL ENERGY REGULATORY COMMISSION,
EDEY,ED,22100,EDEY,ADVISORY COUNCILS AND COMMITTEES,91
EDEN,ED,22200,EDEN,FEDERAL STUDENT AID,91
EDEA,ED,22300,EDEA,IMMEDIATE OFFICE OF THE SECRETARY OF EDUCATION,91
EDER,ED,22400,EDER,INSTITUTE OF EDUCATION SCIENCES,91
EDEZ,ED,22500,EDEZ,NATIONAL ASSESSMENT GOVERNING BOARD,91
EDEX,ED,22600,EDEX,NATIONAL INSTITUTE FOR LITERACY,91
EDEC,ED,22700,EDEC,OFFICE FOR CIVIL RIGHTS,91
EDEO,ED,22800,EDEO,OFFICE OF COMMUNICATIONS AND OUTREACH,91
EDES,ED,22900,EDES,OFFICE OF ELEMENTARY AND SECONDARY EDUCATION,91
EDET,ED,23000,EDET,OFFICE OF ENGLISH LANGUAGE ACQUISITION,91
EDEU,ED,23100,EDEU,OFFICE OF INNOVATION AND IMPROVEMENT,91
EDEF,ED,23200,EDEF,OFFICE OF INSPECTOR GENERAL,91
EDEJ,ED,23300,EDEJ,OFFICE OF LEGISLATION AND CONGRESSIONAL AFFAIRS,91
EDEM,ED,23400,EDEM,OFFICE OF MANAGEMENT,91
EDED,ED,23500,EDED,"OFFICE OF PLANNING, EVALUATION AND POLICY DEVELOPMENT",91
EDEP,ED,23600,EDEP,OFFICE OF POSTSECONDARY EDUCATION,91
EDEH,ED,23700,EDEH,OFFICE OF SPECIAL EDUCATION AND REHABILITATIVE SERVICES,91
EDEL,ED,23800,EDEL,OFFICE OF THE CHIEF FINANCIAL OFFICER,91
EDEI,ED,23900,EDEI,OFFICE OF THE CHIEF INFORMATION OFFICER,91
EDEB,ED,24000,EDEB,OFFICE OF THE DUTY SECRETARY OF EDUCATION,91
EDEG,ED,24100,EDEG,OFFICE OF THE GENERAL COUNSEL,91
EDEE,ED,24200,EDEE,OFFICE OF THE UNDER SECRETARY,91
EDEV,ED,24300,EDEV,OFFICE OF VOCATIONAL AND ADULT EDUCATION,91
EE00,EE,24400,EE00,EQUAL EMPLOYMENT OPPORTUNITY COMMISSION,45
EP00,EP,24500,EP00,ENVIRONMENTAL PROTECTION AGENCY,68
FC00,FC,24600,FC00,FEDERAL COMMUNICATIONS COMMISSION,27
FD00,FD,24700,FD00,FEDERAL DEPOSIT INSURANCE CORPORATION,51
FQ01,FQ,24800,FQ01,OFFICE OF THE DIRECTOR,95
FQ02,FQ,24900,FQ02,PRETRIAL SERVICES AGENCY,95
FRFT,FR,25000,FRFT,BUREAU OF CONSUMER FINANCIAL PROTECTION,
FT00,FT,25100,FT00,FEDERAL TRADE COMMISSION,29
GS13,GS,25200,GS13,CIVILIAN BOARD OF CONTRACT APPEALS,47
GS30,GS,25300,GS30,FEDERAL ACQUISITION SERVICE,47
GS01,GS,25400,GS01,IMMEDIATE OFFICE OF THE ADMINISTRATOR,47
GS02,GS,25500,GS02,OFFICE OF ADMINISTRATIVE SERVICES,47
GS04,GS,25600,GS04,OFFICE OF CIVIL RIGHTS,47
GS20,GS,25700,GS20,OFFICE OF CONGRESSIONAL AND INTERGOVERNMENTAL AFFAIRS,47
GS12,GS,25800,GS12,OFFICE OF GENERAL COUNSEL,47
GS26,GS,25900,GS26,OFFICE OF GOVERNMENTWIDE POLICY,47
GS28,GS,26000,GS28,OFFICE OF GSA IT,47
GS15,GS,26100,GS15,OFFICE OF INSPECTOR GENERAL,47
GS31,GS,26200,GS31,OFFICE OF MISSION ASSURANCE,47
GS10,GS,26300,GS10,OFFICE OF SMALL BUSINESS UTILIZATION,47
GS32,GS,26400,GS32,OFFICE OF STRATEGIC COMMUNICATION,47
GS11,GS,26500,GS11,OFFICE OF THE CHIEF FINANCIAL OFFICER,47
GS33,GS,26600,GS33,OFFICE OF THE CUSTOMER EXPERIENCE,47
GS14,GS,26700,GS14,OFFICE OF THE HUMAN RESOURCES MANAGEMENT,47
GS22,GS,26800,GS22,OFFICES OF THE REGIONAL ADMINISTRATORS,47
GS03,GS,26900,GS03,PUBLIC BUILDINGS SERVICE,47
GS18,GS,27000,GS18,TECHNOLOGY TRANSFORMATION SERVICE,47
HE90,HE,27100,HE90,ADMINISTRATION FOR CHILDREN AND FAMILIES,75
HE12,HE,27200,HE12,ADMINISTRATION FOR COMMUNITY LIVING,75
HE33,HE,27300,HE33,AGENCY FOR HEALTHCARE RESEARCH AND QUALITY,75
HE35,HE,27400,HE35,AGENCY FOR TOXIC SUBSTANCES AND DISEASE REGISTRY,75
HE39,HE,27500,HE39,CENTERS FOR DISEASE CONTROL AND PREVENTION,75
HE70,HE,27600,HE70,CENTERS FOR MEDICARE & MEDICAID SERVICES,75
HE36,HE,27700,HE36,FOOD AND DRUG ADMINISTRATION,75
HE34,HE,27800,HE34,HEALTH RESOURCES AND SERVICES ADMINISTRATION,75
HE37,HE,27900,HE37,INDIAN HEALTH SERVICE,75
HE38,HE,28000,HE38,NATIONAL INSTITUTES OF HEALTH,75
HE13,HE,28100,HE13,OFFICE OF INSPECTOR GENERAL,75
HE50,HE,28200,HE50,OFFICE OF MEDICARE HEARINGS AND APPEALS,75
HE10,HE,28300,HE10,OFFICE OF THE SECRETARY OF HEALTH AND HUMAN SERVICES,75
HE11,HE,28400,HE11,PROGRAM SUPPORT CENTER,75
HE32,HE,28500,HE32,SUBSTANCE ABUSE AND MENTAL HEALTH SERVICES ADMINISTRATION,75
HSAB,HS,28600,HSAB,CITIZENSHIP AND IMMIGRATION SERVICES,70
HSBD,HS,28700,HSBD,CUSTOMS AND BORDER PROTECTION,70
HSAA,HS,28800,HSAA,DHS HEADQUARTERS,70
HSDA,HS,28900,HSDA,DOMESTIC NUCLEAR DETECTION OFFICE,70
HSCB,HS,29000,HSCB,FEDERAL EMERGENCY MANAGEMENT AGENCY,70
HSBE,HS,29100,HSBE,FEDERAL LAW ENFORCEMENT TRAINING CENTERS,70
HSBB,HS,29200,HSBB,IMMIGRATION AND CUSTOMS ENFORCEMENT,70
HSCA,HS,29300,HSCA,NATIONAL PROTECTION AND PROGRAMS DIRECTORATE,70
HSAE,HS,29400,HSAE,OFFICE OF THE INSPECTOR GENERAL,70
HSFA,HS,29500,HSFA,SCIENCE AND TECHNOLOGY DIRECTORATE,70
HSBC,HS,29600,HSBC,TRANSPORTATION SECURITY ADMINISTRATION,70
HSAC,HS,29700,HSAC,U.S. COAST GUARD,70
HSAD,HS,29800,HSAD,U.S. SECRET SERVICE,70
HUDD,HU,29900,HUDD,ASSISTANT SECRETARY FOR COMMUNITY PLANNING AND DEVELOPMENT,86
HUJJ,HU,30000,HUJJ,ASSISTANT SECRETARY FOR CONGRESSIONAL AND INTERGOVERNMENTAL RELATIONS,86
HUEE,HU,30100,HUEE,ASSISTANT SECRETARY FOR FAIR HOUSING AND EQUAL OPPORTUNITY,86
HUMM,HU,30200,HUMM,ASSISTANT SECRETARY FOR HOUSING-FEDERAL HOUSING COMMISSIONER,86
HURR,HU,30300,HURR,ASSISTANT SECRETARY FOR POLICY DEVELOPMENT AND RESEARCH,86
HUWW,HU,30400,HUWW,ASSISTANT SECRETARY FOR PUBLIC AFFAIRS,86
HUPP,HU,30500,HUPP,ASSISTANT SECRETARY FOR PUBLIC AND INDIAN HOUSING,86
HUKA,HU,30600,HUKA,CENTER FOR FAITH-BASED AND COMMUNITY INITIATIVES,86
HUTT,HU,30700,HUTT,GOVERNMENT NATIONAL MORTGAGE ASSOCIATION (GINNIE MAE),86
HUUU,HU,30800,HUUU,OFFICE OF DEPARTMENTAL EQUAL EMPLOYMENT OPPORTUNITY,86
HUKK,HU,30900,HUKK,OFFICE OF FIELD POLICY AND MANAGEMENT,86
HUCC,HU,31000,HUCC,OFFICE OF GENERAL COUNSEL,86
HULL,HU,31100,HULL,OFFICE OF HEALTHY HOMES AND LEAD HAZARD CONTROL,86
HUGG,HU,31200,HUGG,OFFICE OF INSPECTOR GENERAL,86
HUXX,HU,31300,HUXX,OFFICE OF STRATEGIC PLANNING AND MANAGEMENT,86
HUFF,HU,31400,HUFF,OFFICE OF THE CHIEF FINANCIAL OFFICER,86
HUBB,HU,31500,HUBB,OFFICE OF THE CHIEF HUMAN CAPITAL OFFICER,86
HUQQ,HU,31600,HUQQ,OFFICE OF THE CHIEF INFORMATION OFFICER,86
HUNN,HU,31700,HUNN,OFFICE OF THE CHIEF PROCUREMENT OFFICER,86
HUAA,HU,31800,HUAA,OFFICE OF THE SECRETARY OF HOUSING AND URBAN DEVELOPMENT,86
HU07,HU,31900,HU07,OFFICE OF THE SENIOR COORDINATOR FOR GREAT PLAINS,86
HU03,HU,32000,HU03,OFFICE OF THE SENIOR COORDINATOR FOR MID-ATLANTIC,86
HU05,HU,32100,HU05,OFFICE OF THE SENIOR COORDINATOR FOR MIDWEST,86
HU01,HU,32200,HU01,OFFICE OF THE SENIOR COORDINATOR FOR NEW ENGLAND,86
HU02,HU,32300,HU02,OFFICE OF THE SENIOR COORDINATOR FOR NEW YORK/NEW JERSEY,86
HU10,HU,32400,HU10,OFFICE OF THE SENIOR COORDINATOR FOR NORTHWEST/ALASKA,86
HU09,HU,32500,HU09,OFFICE OF THE SENIOR COORDINATOR FOR PACIFIC/HAWAII,86
HU08,HU,32600,HU08,OFFICE OF THE SENIOR COORDINATOR FOR ROCKY MOUNTAINS,86
HU04,HU,32700,HU04,OFFICE OF THE SENIOR COORDINATOR FOR SOUTHEAST/CARIBBEAN,86
HU06,HU,32800,HU06,OFFICE OF THE SENIOR COORDINATOR FOR SOUTHWEST,86
IB00,IB,32900,IB00,BROADCASTING BOARD OF GOVERNORS,95
IN05,IN,33000,IN05,BUREAU OF LAND MANAGEMENT,14
IN27,IN,33100,IN27,BUREAU OF OCEAN ENERGY MANAGEMENT,14
IN07,IN,33200,IN07,BUREAU OF RECLAMATION,14
IN26,IN,33300,IN26,BUREAU OF SAFETY AND ENVIRONMENTAL ENFORCEMENT,14
IN08,IN,33400,IN08,GEOLOGICAL SURVEY,14
IN06,IN,33500,IN06,INDIAN AFFAIRS,14
IN10,IN,33600,IN10,NATIONAL PARK SERVICE,14
IN22,IN,33700,IN22,"OFFICE OF SURFACE MINING, RECLAMATION AND ENFORCEMENT",14
IN24,IN,33800,IN24,OFFICE OF THE INSPECTOR GENERAL,14
IN01,IN,33900,IN01,OFFICE OF THE SECRETARY OF THE INTERIOR,14
IN21,IN,34000,IN21,OFFICE OF THE SOLICITOR,14
IN15,IN,34100,IN15,U.S. FISH AND WILDLIFE SERVICE,14
JUD_AOUSC,Judicial,34200,,ADMINISTRATIVE OFFICE OF THE UNITED STATES COURTS,10
JUD_CADCOJS,Judicial,34300,,"COURTS OF APPEALS. DISTRICT COURTS, AND OTHER JUDICIAL SERVICES",10
JUD_FJC,Judicial,34400,,FEDERAL JUDICIAL CENTER,10
JUD_JRF,Judicial,34500,,JUDICIAL RETIREMENT FUNDS,10
JUD_SCUS,Judicial,34600,,SUPREME COURT OF THE UNITED STATES,10
JUD_USCAFC,Judicial,34700,,UNITED STATES COURT OF APPEALS FOR THE FEDERAL CIRCUIT,10
JUD_USCIT,Judicial,34800,,UNITED STATES COURT OF INTERNATIONAL TRADE,10
JUD_USSC,Judicial,34900,,UNITED STATES SENTENCING COMMISSION,10
LEG_ACAP,Legislative,35000,,ARCHITECT OF THE CAPITOL,01
LEG_BOTGARD,Legislative,35100,,BOTANIC GARDEN,09
LEG_CAPPOL,Legislative,35200,,CAPITOL POLICE,02
LEG_CBO,Legislative,35300,,CONGRESSIONAL BUDGET OFFICE,08
LEG_GAO,Legislative,35400,,GOVERNMENT ACCOUNTABILITV OFFICE,05
LEG_GPO,Legislative,35500,,GOVERNMENT PUBLISHING OFFICE,04
LEG_HREP,Legislative,35600,,HOUSE OF REPRESENTATIVES,00
LEG_JOINTITEMS,Legislative,35700,,JOINT ITEMS,00
LEG_LBBC,Legislative,35800,,LEGISLATIVE BRANCH BOARDS AND COMMISSIONS,09
LEG_LOC,Legislative,35900,,LIBRARY OF CONGRESS,03
LEG_OCOMP,Legislative,36000,,OFFICE OF COMPLIANCE,09
LEG_SENATE,Legislative,36100,,SENATE,00
LEG_USTC,Legislative,36200,,UNITED STATES TAX COURT,23
LP00,LP,36300,LP00,GOVERNMENT PRINTING OFFICE,
NF00,NF,36400,NF00,NATIONAL SCIENCE FOUNDATION,49
NL00,NL,36500,NL00,NATIONAL LABOR RELATIONS BOARD,63
NN21,NN,36600,NN21,AMES RESEARCH CENTER,80
NN62,NN,36700,NN62,GEORGE C. MARSHALL SPACE FLIGHT CENTER,80
NN51,NN,36800,NN51,GODDARD SPACE FLIGHT CENTER,80
NN10,NN,36900,NN10,"HEADQUARTERS, NASA",80
NN64,NN,37000,NN64,JOHN C. STENNIS SPACE CENTER,80
NN76,NN,37100,NN76,JOHN F. KENNEDY SPACE CENTER,80
NN22,NN,37200,NN22,JOHN GLENN RESEARCH CENTER AT LEWIS FIELD,80
NN23,NN,37300,NN23,LANGLEY RESEARCH CENTER,80
NN72,NN,37400,NN72,LYNDON B. JOHNSON SPACE CENTER,80
NN24,NN,37500,NN24,NEIL A. ARMSTRONG FLIGHT RESEARCH CENTER,80
NQ00,NQ,37600,NQ00,NATIONAL ARCHIVES AND RECORDS ADMINISTRATION,88
NU00,NU,37700,NU00,NUCLEAR REGULATORY COMMISSION,31
NV22,NV,37800,NV22,BUREAU OF NAVAL PERSONNEL,17
NV52,NV,37900,NV52,"COMMANDER, NAVY INSTALLATIONS",17
NV12,NV,38000,NV12,DEPARTMENT OF THE NAVY/ASSISTANT FOR ADMINISTRATION (DON/AA),17
NV11,NV,38100,NV11,IMMEDIATE OFFICE OF THE CHIEF OF NAVAL OPERATIONS,17
NV33,NV,38200,NV33,MILITARY SEALIFT COMMAND,17
NV19,NV,38300,NV19,NAVAL AIR SYSTEMS COMMAND,17
NV76,NV,38400,NV76,NAVAL EDUCATION AND TRAINING COMMAND,17
NV25,NV,38500,NV25,NAVAL FACILITIES ENGINEERING COMMAND,17
NV15,NV,38600,NV15,NAVAL INTELLIGENCE COMMAND,17
NV18,NV,38700,NV18,NAVAL MEDICAL COMMAND,17
NV24,NV,38800,NV24,NAVAL SEA SYSTEMS COMMAND,17
NV74,NV,38900,NV74,NAVAL SPECIAL WARFARE COMMAND,17
NV23,NV,39000,NV23,NAVAL SUPPLY SYSTEMS COMMAND,17
NV72,NV,39100,NV72,NAVY RESERVE FORCE,17
NV14,NV,39200,NV14,OFFICE OF NAVAL RESEARCH,17
NV39,NV,39300,NV39,SPACE AND NAVAL WARFARE SYSTEMS COMMAND,17
NV30,NV,39400,NV30,STRATEGIC SYSTEMS PROGRAMS OFFICE,17
NV27,NV,39500,NV27,U.S. MARINE CORPS,17
NV70,NV,39600,NV70,"U.S. PACIFIC FLEET, COMMANDER IN CHIEF",17
NV60,NV,39700,NV60,UNITED STATES FLEET FORCES COMMAND,17
OM00,OM,39800,OM00,OFFICE OF PERSONNEL MANAGEMENT,24
AA,OtherAgency,39900,AA,ADMINISTRATIVE CONFERENCE OF THE UNITED STATES,95
HP,OtherAgency,40000,HP,ADVISORY COUNCIL ON HISTORIC PRESERVATION,95
AN,OtherAgency,40100,AN,AFRICAN DEVELOPMENT FOUNDATION,11
AB,OtherAgency,40200,AB,AMERICAN BATTLE MONUMENTS COMMISSION,74
AP,OtherAgency,40300,AP,APPALACHIAN REGIONAL COMMISSION,46
BT,OtherAgency,40400,BT,ARCHITECTURAL AND TRANSPORTATION BARRIERS COMPLIANCE BOARD,
AW,OtherAgency,40500,AW,ARCTIC RESEARCH COMMISSION,
RH,OtherAgency,40600,RH,ARMED FORCES RETIREMENT HOME,84
GE,OtherAgency,40700,GE,BARRY GOLDWATER SCHOLARSHIP AND EXCELLENCE IN EDUCATION FOUNDATION,95
FJ,OtherAgency,40800,FJ,CHEMICAL SAFETY AND HAZARD INVESTIGATION BOARD,95
BH,OtherAgency,40900,BH,COMMISSION FOR THE PRESERVATION OF AMERICA'S HERITAGE ABROAD,
CF,OtherAgency,41000,CF,COMMISSION OF FINE ARTS,95
CC,OtherAgency,41100,CC,COMMISSION ON CIVIL RIGHTS,95
HB,OtherAgency,41200,HB,COMMITTEE FOR PURCHASE FROM PEOPLE WHO ARE BLIND OR SE VERELY DISABLED,95
CT,OtherAgency,41300,CT,COMMODITY FUTURES TRADING COMMISSION,95
SK,OtherAgency,41400,SK,CONSUMER PRODUCT SAFETY COMMISSION,61
KS,OtherAgency,41500,KS,CORPORATION FOR NATIONAL AND COMMUNITY SERVICE,95
CE,OtherAgency,41600,CE,COUNCIL OF ECONOMIC ADVISERS,11
IG,OtherAgency,41700,IG,COUNCIL OF THE INSPECTORS GENERAL ON INTEGRITY AND EFFICIENCY,95
EQ,OtherAgency,41800,EQ,COUNCIL ON ENVIRONMENTAL QUALITY/OFFICE OF ENVIRONMENTAL QUALITY,11
BF,OtherAgency,41900,BF,DEFENSE NUCLEAR FACILITIES SAFETY BOARD,95
DQ,OtherAgency,42000,DQ,DENALI COMMISSION,95
ZU,OtherAgency,42100,ZU,DWIGHT D. EISENHOWER MEMORIAL COMMISSION,
GQ,OtherAgency,42200,GQ,ELECTION ASSISTANCE COMMISSION,95
EB,OtherAgency,42300,EB,EXPORT IMPORT BANK OF THE UNITED STATES,83
FL,OtherAgency,42400,FL,FARM CREDIT ADMINISTRATION,78
FK,OtherAgency,42500,FK,FARM CREDIT SYSTEM INSURANCE CORPORATION,78
LF,OtherAgency,42600,LF,FEDERAL ELECTION COMMISSION,95
FI,OtherAgency,42700,FI,FEDERAL FINANCIAL INSTITUTIONS EXAMINATION COUNCIL,95
HF,OtherAgency,42800,HF,FEDERAL HOUSING FINANCE AGENCY,95
AU,OtherAgency,42900,AU,FEDERAL LABOR RELATIONS AUTHORITY,54
MC,OtherAgency,43000,MC,FEDERAL MARITIME COMMISSION,65
FM,OtherAgency,43100,FM,FEDERAL MEDIATION AND CONCILIATION SERVICE,93
RS,OtherAgency,43200,RS,FEDERAL MINE SAFETY AND HEALTH REVIEW COMMISSION,95
RF,OtherAgency,43300,RF,FEDERAL RETIREMENT THRIFT INVESTMENT BOARD,26
GC,OtherAgency,43400,GC,GULF COAST ECOSYSTEM RESTORATION COUNCIL,95
HT,OtherAgency,43500,HT,HARRY S. TRUMAN SCHOLARSHIP FOUNDATION,95
IF,OtherAgency,43600,IF,INTER-AMERICAN FOUNDATION,11
GW,OtherAgency,43700,GW,INTERNATIONAL BOUNDARY AND WATER COMMISSION:  UNITED STATES AND MEXICO,
GX,OtherAgency,43800,GX,INTERNATIONAL BOUNDARY COMMISSION:  UNITED STATES AND CANADA,
GY,OtherAgency,43900,GY,INTERNATIONAL JOINT COMMISSION:  UNITED STATES AND CANADA,
BK,OtherAgency,44000,BK,JAMES MADISON MEMORIAL FELLOWSHIP FOUNDATION,95
UJ,OtherAgency,44100,UJ,JAPAN-UNITED STATES FRIENDSHIP COMMISSION,95
MA,OtherAgency,44300,MA,MARINE MAMMAL COMMISSION,95
RO,OtherAgency,44400,RO,MEDICAID AND CHIP PAYMENT AND ACCESS COMMISSION,
ZL,OtherAgency,44500,ZL,MEDICARE PAYMENT ADVISORY COMMISSION,
BD,OtherAgency,44600,BD,MERIT SYSTEMS PROTECTION BOARD,41
MI,OtherAgency,44700,MI,MILLENNIUM CHALLENGE CORPORATION,95
EO,OtherAgency,44800,EO,MORRIS K. UDALL AND STEWART L. UDALL FOUNDATION,95
NP,OtherAgency,44900,NP,NATIONAL CAPITAL PLANNING COMMISSION,95
CX,OtherAgency,45000,CX,NATIONAL COMMISSION ON LIBRARIES AND INFORMATION SCIENCE,
NK,OtherAgency,45100,NK,NATIONAL COUNCIL ON DISABILITY,95
AH,OtherAgency,45200,AH,NATIONAL FOUNDATION ON THE ARTS AND THE HUMANITIES,
NM,OtherAgency,45300,NM,NATIONAL MEDIATION BOARD,95
NS,OtherAgency,45400,NS,NATIONAL SECURITY COUNCIL,11
TB,OtherAgency,45500,TB,NATIONAL TRANSPORTATION SAFETY BOARD,95
DG,OtherAgency,45600,DG,NORTHERN BORDER REGIONAL COMMISSION,95
BW,OtherAgency,45700,BW,NUCLEAR WASTE TECHNICAL REVIEW BOARD,48
OS,OtherAgency,45800,OS,OCCUPATIONAL SAFETY AND HEALTH REVIEW COMMISSION,95
EC,OtherAgency,45900,EC,OFFICE OF ADMINISTRATION,11
GG,OtherAgency,46000,GG,OFFICE OF GOVERNMENT ETHICS,95
BO,OtherAgency,46100,BO,OFFICE OF MANAGEMENT AND BUDGET,11
QQ,OtherAgency,46200,QQ,OFFICE OF NATIONAL DRUG CONTROL POLICY,11
RE,OtherAgency,46300,RE,OFFICE OF NAVAJO AND HOPI INDIAN RELOCATION,48
TS,OtherAgency,46400,TS,OFFICE OF SCIENCE AND TECHNOLOGY POLICY,11
FW,OtherAgency,46500,FW,OFFICE OF SPECIAL COUNSEL,62
TN,OtherAgency,46600,TN,OFFICE OF THE U.S. TRADE REPRESENTATIVE,11
GB,OtherAgency,46700,GB,OVERSEAS PRIVATE INVESTMENT CORPORATION,71
BG,OtherAgency,46800,BG,PENSION BENEFIT GUARANTY CORPORATION,16
GJ,OtherAgency,46900,GJ,PRESIDIO TRUST,95
VD,OtherAgency,47000,VD,PRIVACY AND CIVIL LIBERTIES OVERSIGHT BOARD,95
DB,OtherAgency,47100,DB,PUBLIC INTEREST DECLASSIFICATION BOARD,
RR,OtherAgency,47200,RR,RAILROAD RETIREMENT BOARD,60
SS,OtherAgency,47300,SS,SELECTIVE SERVICE SYSTEM,90
EW,OtherAgency,47400,EW,TRADE AND DEVELOPMENT AGENCY,11
ZP,OtherAgency,47500,ZP,U.S. COMMISSION ON INTERNATIONAL RELIGIOUS FREEDOM,
HD,OtherAgency,47600,HD,U.S. HOLOCAUST MEMORIAL MUSEUM,95
HW,OtherAgency,47700,HW,U.S. INTERAGENCY COUNCIL ON HOMELESSNESS,48
TC,OtherAgency,47800,TC,U.S. INTERNATIONAL TRADE COMMISSION,34
ZS,OtherAgency,47900,ZS,UNITED STATES-CHINA ECONOMIC AND SECURITY REVIEW COMMISSION,
UT,OtherAgency,48000,UT,UTAH RECLAMATION MITIGATION AND CONSERVATION COMMISSION,
GO,OtherAgency,48100,GO,VIETNAM EDUCATION FOUNDATION,95
WX,OtherAgency,48200,WX,WORLD WAR 1 CENTENNIAL COMMISSION,
PU00,PU,48300,PU00,PEACE CORPS,11
SB00,SB,48400,SB00,SMALL BUSINESS ADMINISTRATION,73
SE00,SE,48500,SE00,SECURITIES AND EXCHANGE COMMISSION,50
SM04,SM,48600,SM04,JOHN F. KENNEDY CENTER FOR THE PERFORMING ARTS,33
SM01,SM,48700,SM01,NATIONAL GALLERY OF ART,33
SM03,SM,48800,SM03,SMITHSONIAN INSTITUTION (EXCEPT UNITS ADMINISTERED UNDER SEPARATE BOARDS OF TRUSTEES),33
SM02,SM,48900,SM02,WOODROW WILSON INTERNATIONAL CENTER FOR SCHOLARS,33
ST00,ST,49000,ST00,DEPARTMENT OF STATE,19
SZ00,SZ,49100,SZ00,SOCIAL SECURITY ADMINISTRATION,28
TD03,TD,49200,TD03,FEDERAL AVIATION ADMINISTRATION,69
TD04,TD,49300,TD04,FEDERAL HIGHWAY ADMINISTRATION,69
TD17,TD,49400,TD17,FEDERAL MOTOR CARRIER SAFETY ADMINISTRATION,69
TD05,TD,49500,TD05,FEDERAL RAILROAD ADMINISTRATION,69
TD09,TD,49600,TD09,FEDERAL TRANSIT ADMINISTRATION,69
TD13,TD,49700,TD13,MARITIME ADMINISTRATION,69
TD10,TD,49800,TD10,NATIONAL HIGHWAY TRAFFIC SAFETY ADMINISTRATION,69
TD12,TD,49900,TD12,OFFICE OF INSPECTOR GENERAL,69
TD01,TD,50000,TD01,OFFICE OF THE SECRETARY OF TRANSPORTATION,69
TD16,TD,50100,TD16,PIPELINE AND HAZARDOUS MATERIALS SAFETY ADMINISTRATION,69
TD06,TD,50200,TD06,SAINT LAWRENCE SEAWAY DEVELOPMENT CORPORATION,69
TD15,TD,50300,TD15,SURFACE TRANSPORTATION BOARD,69
TR40,TR,50400,TR40,ALCOHOL AND TOBACCO TAX AND TRADE BUREAU,20
TRAI,TR,50500,TRAI,BUREAU OF ENGRAVING AND PRINTING,20
TRFD,TR,50600,TRFD,BUREAU OF THE FISCAL SERVICE,20
TR91,TR,50700,TR91,DEPARTMENTAL OFFICES,20
TRAF,TR,50800,TRAF,FINANCIAL CRIMES ENFORCEMENT NETWORK,20
TR93,TR,50900,TR93,INTERNAL REVENUE SERVICE,20
TR95,TR,51000,TR95,OFFICE OF INSPECTOR GENERAL,20
TRAJ,TR,51100,TRAJ,OFFICE OF THE COMPTROLLER OF THE CURRENCY,20
TRTG,TR,51200,TRTG,OFFICE OF THE INSPECTOR GENERAL FOR TAX ADMINISTRATION,20
TR36,TR,51300,TR36,SPECIAL INSPECTOR GENERAL FOR THE TROUBLED ASSETS RELIEF PROGRAM (TARP),20
TRAD,TR,51400,TRAD,U.S. MINT,20
VABD,VA,51500,VABD,ASSISTANT SECRETARY FOR DIVERSITY & INCLUSION,36
VABC,VA,51600,VABC,ASSISTANT SECRETARY FOR HUMAN RESOURCES MANAGEMENT,36
VAAD,VA,51700,VAAD,BOARD OF VETERANS APPEALS,36
VAGC,VA,51800,VAGC,DEP ASST SEC FOR EMERGENCY MGT & RESILIENCE,36
VAJB,VA,51900,VAJB,DEPUTY ASSISTANCE SECRETARY FOR INTERGOVERNMENTAL AFFAIRS,36
VADG,VA,52000,VADG,DEPUTY ASSISTANT SECRETARY FOR ACQUISTION AND LOGISTICS,36
VABE,VA,52100,VABE,DEPUTY ASSISTANT SECRETARY FOR ADMINISTRATION,36
VADC,VA,52200,VADC,DEPUTY ASSISTANT SECRETARY FOR BUDGET,36
VAKB,VA,52300,VAKB,DEPUTY ASSISTANT SECRETARY FOR CONGRESSIONAL AFFAIRS,36
VABG,VA,52400,VABG,DEPUTY ASSISTANT SECRETARY FOR CORPORATE SENIOR EXECUTIVE MANAGEMENT,36
VADD,VA,52500,VADD,DEPUTY ASSISTANT SECRETARY FOR FINANCE,36
VAEB,VA,52600,VAEB,DEPUTY ASSISTANT SECRETARY FOR INFORMATION AND TECHNOLOGY,36
VABH,VA,52700,VABH,DEPUTY ASSISTANT SECRETARY FOR LABOR MANAGEMENT RELATIONS,36
VABF,VA,52800,VABF,DEPUTY ASSISTANT SECRETARY FOR OFFICE OF RESOLUTION MANAGEMENT,36
VAHC,VA,52900,VAHC,DEPUTY ASSISTANT SECRETARY FOR PLANNING AND EVALUATION,36
VAJC,VA,53000,VAJC,DEPUTY ASSISTANT SECRETARY FOR PUBLIC AFFAIRS,36
VAGE,VA,53100,VAGE,DIRECTOR FOR RESOURCE MANAGEMENT,36
VAGD,VA,53200,VAGD,"EXECUTIVE DIRECTOR FOR IDENTITY, CREDENTIAL, AND ACCESSMANAGEMENT",36
VAGB,VA,53300,VAGB,EXECUTIVE DIRECTOR FOR SECURITY AND LAW ENFORCEMENT,36
VAAE,VA,53400,VAAE,GENERAL COUNSEL,36
VAKA,VA,53500,VAKA,IMMEDIATE OFFICE OF THE ASSISTANT SECRETARY FOR CONGRESSIONAL AND LEGISLATIVE AFFAIRS,36
VABA,VA,53600,VABA,IMMEDIATE OFFICE OF THE ASSISTANT SECRETARY FOR HUMAN RESOURCES AND ADMINISTRATION,36
VAEA,VA,53700,VAEA,IMMEDIATE OFFICE OF THE ASSISTANT SECRETARY FOR INFORMATION AND TECHNOLOGY,36
VADA,VA,53800,VADA,IMMEDIATE OFFICE OF THE ASSISTANT SECRETARY FOR MANAGEMENT,36
VAGA,VA,53900,VAGA,"IMMEDIATE OFFICE OF THE ASSISTANT SECRETARY FOR OPERATIONS, SECURITY, AND PREPAREDNESS",36
VAHA,VA,54000,VAHA,IMMEDIATE OFFICE OF THE ASSISTANT SECRETARY FOR POLICY AND PLANNING,36
VAAF,VA,54100,VAAF,INSPECTOR GENERAL,36
VAAG,VA,54200,VAAG,MY VA INITIATIVE,36
VAPA,VA,54300,VAPA,NATIONAL CEMETERY ADMINISTRATION,36
VABK,VA,54400,VABK,OFFICE OF ENTERPRISE OPERATIONS,36
VAJA,VA,54500,VAJA,OFFICE OF THE ASSISTANT SECRETARY FOR PUBLIC AND INTERGOVERNMENTAL AFFAIRS,36
VAAA,VA,54600,VAAA,OFFICE OF THE SECRETARY,36
VAHG,VA,54700,VAHG,VET CUSTOMER EXPER (VCE),36
VABJ,VA,54800,VABJ,VETERAN EMPLOYMENT SERVICES OFFICE,36
VALA,VA,54900,VALA,VETERANS BENEFITS ADMINISTRATION,36
VATA,VA,55000,VATA,VETERANS HEALTH ADMINISTRATION,36
VA**,VA,55100,VA**,UNSPECIFIED,36
ZZ-UnlistedAgency,OtherAgency,55200,,UNLISTED AGENCY,